,id,text,author_id,created_at,geo
0,1505040788656381952,"RT @BitcoinMagazine: ğŸ’¥ #Bitcoin's Lightning Network can currently perform over 1,000 times as much transactions as Visa  https://t.co/4FcvYâ€¦",156579343,2022-03-19 04:37:40+00:00,
1,1505040784545959941,"Next block fee rate: 5 sat/vByte
Half hour fee rate: 2 sat/vByte
Hour fee rate: 1 sat/vByte

You can broadcast now your Bitcoin transaction ğŸ˜

#BroadcastNow",1142059345833857029,2022-03-19 04:37:39+00:00,
2,1505040780670382082,RT @TheMoonCarl: #Bitcoin on the move ğŸš€,2997980402,2022-03-19 04:37:39+00:00,
3,1505040780628410368,"@AirdropDet Wonderful project, this project is very good and this projector has a l attractions, so hopefully the project will be better in the future and the cryptocurrency will be the best
@No1CMahto
@SojibRa65970288
@MDRipon354752
#Airdrops #EliteCash #Bitcoin #AirdropDetective",1424220885393711108,2022-03-19 04:37:39+00:00,
4,1505040778607104005,"RT @airdropinspect: New airdrop: Avania (NOVA)
Total Reward: 75,000 NOVA
Rate:â­ï¸â­ï¸â­ï¸â­ï¸
Winners: 200 Random &amp; Top 10
Distribution: 19th Apriâ€¦",1449813942293860353,2022-03-19 04:37:38+00:00,
5,1505040776975482885,"RT @AirdropStario: ğŸ’§ Bee-Trade Finance Airdrop ğŸ’§

ğŸ“ Audited by: CertiK

ğŸ† Task:          â•  Up to 36 BTF (~$51,48)

ğŸ‘¨â€ğŸ‘©â€ğŸ‘§ Referral:   â•  5â€¦",1274238496920592385,2022-03-19 04:37:38+00:00,
6,1505040776144646144,@DepressedCat100 @3662brendon @jonrob12 @bitcoin_kosova @dom_ma @carljackmiller @shashj You sound like a typical christian thug. Virtue signalling while hiding millions of skeletons in the closet.,832786141392703488,2022-03-19 04:37:37+00:00,
7,1505040775801090048,"RT @Taylorcrypto_: CCTV said K0!
This is not a joke, we have top marketing plan, now join K0, let's go to the moon!
BSCï¼š0xb0dbf009458759b7dâ€¦",1498919750516109312,2022-03-19 04:37:37+00:00,
8,1505040774009872386,"@Johnny58697423 @NFTsSaga @AlphaSkullz
 
Public Mint is Live!
https://t.co/mNDXsdeSnn
0.08 $ETH

Check them out:
https://t.co/C6cwOUyJbq

Join the AlphaSkullz Alliance:
https://t.co/p5OeSMZp0A

#NFT #NFTCommunity #P2E #gaming #crypto #cryptocurrency #ETH #Ethereum #BTC #Bitcoin #BNB $oulz #Metaverse #HODL",570246783,2022-03-19 04:37:37+00:00,
9,1505040773888282626,"@TronDao_KOR #forex #bitcoin #money #blockchain #forextrader #bitcoins  #moneytips #Airdropstario
#dogecoin #invest #bitcoinprice #investing #investor #bitcoindaily #coinbase #bitcoinnews #etherum #tether  #btc
#shibainu #ada #Litecoin #bnb #litecoin #token #SPN #NFTs #BNB https://t.co/QZ9Cpx2Pf9",1448673692859445256,2022-03-19 04:37:37+00:00,
10,1505040773481648129,"RT @AirdropStario: ğŸ’§ Kiwi Lemon Airdrop ğŸ’§

ğŸ† Task: â•  Up to 10 KLMN (~$2) â•Extra 100 KLMN (~$20) for 15 random participants

ğŸ‘¨â€ğŸ‘©â€ğŸ‘§ Referralâ€¦",1488165495614619652,2022-03-19 04:37:37+00:00,
11,1505040772797648900,"RT @arpit_apoorva: Before and after ğŸ¤£

#CryptoExpoDubai #Bitcoin #Altcoins https://t.co/pvvW4WwCDm",412943750,2022-03-19 04:37:37+00:00,
12,1505040771137011712,#FlagNetwork  #cryptocurrency #Bitcoin  #StandWithUkraine https://t.co/bxkUrVR6Vl,1433779511749865477,2022-03-19 04:37:36+00:00,
13,1505040769509621762,"RT @LifeMathMoney: SOLUTION: Budget and spend carefully. Buy Bitcoin.

Don't spend money just because you can. Be smart about it. Don't wasâ€¦",1418541864551075842,2022-03-19 04:37:36+00:00,
14,1505040767647166465,"@MacroAlf @biancoresearch We don't buy bitcoin
We earn bitcoin From Mining 
I'm ready to show 10 lucky people how to earn 0.1BTC ($4183) and more daily!
No referral 
No withdrawal fees
If interested, kindly send a DM",521268917,2022-03-19 04:37:35+00:00,
15,1505040767357661184,RT @rovercrc: I AM STILL $100k LONG ON #BITCOIN!! ğŸš€,2997980402,2022-03-19 04:37:35+00:00,
16,1505040765000753154,#FlagNetwork  #cryptocurrency #Bitcoin  #StandWithUkraine https://t.co/DGYTGrg7B5,1891835444,2022-03-19 04:37:35+00:00,
17,1505040760227442689,@flagnetwork_NFT #FlagNetwork  #cryptocurrency #BitcoinÂ   #StandWithUkraine,1493359082119573504,2022-03-19 04:37:34+00:00,
18,1505040760080531460,"RT @CBarraford: Nothing to see here. Just 22% APY on native Layer1 #Bitcoin. Man, the crypto industry is very sleepy ğŸ˜´ğŸ˜´ğŸ˜´. $RUNE",335788094,2022-03-19 04:37:34+00:00,
19,1505040759770136579,RT @JohanManse: We are creating a #bitcoin village in Sweden. Off grid lakefront property with a river flowing through. We have 4 S19Pros aâ€¦,1306488879671779329,2022-03-19 04:37:34+00:00,
20,1505040755710214144,Current #Bitcoin price is 41837.86190615666$,1489269627121463296,2022-03-19 04:37:33+00:00,
21,1505040754351435778,"RT @chirorudotaka: è¶…æ¿€ã‚¢ãƒ„æ¡ˆä»¶ã‚­ã‚¿ãƒ¼ğŸ˜†
ã¿ã‚“ãªã
#ã‚³ã‚¤ãƒ³ãƒã‚§ãƒƒã‚¯  ã£ã¦çŸ¥ã£ã¦ã‚‹ï¼Ÿ
æ¾ç”°ç¿”å¤ªã•ã‚“ãŒCMã«å‡ºæ¼”ã—ã¦ã„ã‚‹ä»®æƒ³é€šè²¨å–å¼•æ‰€ã§ã™ğŸ˜Š
æ™®æ®µã¯1000å††ã®ã¨ã“ã‚
æœŸé–“é™å®šã§2500å††è²°ãˆã¾ã™ğŸ˜†
å¤§ãƒãƒ£ãƒ³ã‚¹æ´»ã‹ã—ã¦ã­ğŸ˜Š
ç™»éŒ²ã¯ã“ã¡ã‚‰ğŸ‘‡ï¸ğŸ˜Š
https://â€¦",709493194996617216,2022-03-19 04:37:32+00:00,
22,1505040754141536257,"Bitcoin Rises Nearly 3% and Moves Above $41,000 - Bitcoin Mining Community Grows by Double Digits

#Crypto #Bitcoin #BTC #Mining #naturaldeposit https://t.co/OTvDAdU7N1",1430453551394811904,2022-03-19 04:37:32+00:00,
23,1505040753696911360,@dejaerules @Marvin_Inu GreatğŸ”¥: It will also change your life. I already bought BNXA CVE: BNXA stock. Big wins awaits. Thank me later for that tipğŸ”¥ @BanxaOfficial #btc #bitcoin #defi #nft,1457084698274971650,2022-03-19 04:37:32+00:00,
24,1505040753583865858,RT @saylor: Laser eyes signal intent to make #bitcoin an instrument of economic empowerment. ğŸŒ,1464796574089940998,2022-03-19 04:37:32+00:00,
25,1505040752920956928,"RT @SafeHavenio: Inheriting bitcoin is harder than it sounds ğŸ¤”
Your bitcoin can live on, even if you donâ€™t ğŸ’«

A growing number of financialâ€¦",957257310455316480,2022-03-19 04:37:32+00:00,
26,1505040751113105410,"RT @AirdropDet: ğŸ” New #Airdrop: Elite Cash

ğŸ† Total Airdrop Pool: 140,000 ELC [~$49,000]

ğŸ”´ Start the airdrop bot https://t.co/geX2YRhj5nâ€¦",1396766703925678084,2022-03-19 04:37:32+00:00,
27,1505040750291341315,"RT @NFTPROMOTURK: ğŸš¨ Ã‡EKÄ°LÄ°Å ZAMANI ğŸš¨

ğŸ† 1 kiÅŸiye 0.1 #Solana yani (130â‚º)

Kurallar:

1ï¸âƒ£Takip et @Rings_Angels

2ï¸âƒ£RT &amp; â™¥ï¸

3ï¸âƒ£2 kiÅŸi etikeâ€¦",1488819258306211840,2022-03-19 04:37:31+00:00,
28,1505040749439639553,@TheCryptoLark And we all know there is no second best!!! #Bitcoin,1210971328594894848,2022-03-19 04:37:31+00:00,
29,1505040748969750528,"RT @AirdropStario: ğŸ’§ MedusaZone Airdrop ğŸ’§

ğŸ† Task:          â•  Up to 30 AMEDU (~$36)

ğŸ‘¨â€ğŸ‘©â€ğŸ‘§ Referral:   â•  10 AMEDU (~$12)

ğŸ”› Airdrop Linkâ€¦",1502636920630874116,2022-03-19 04:37:31+00:00,
30,1505040748898574337,"#Karma,Todavia hoy algunos no lo saben,el dÃ³lar dejarÃ¡ de ser la moneda mÃ¡s fuerte,los bancos se declaran en quiebra,y tu plata?en los bancos,cuidado,lleva el 95% a monedas CriptÃ³grafo monedas Ethereum,â€™60%,25% Dodge,15%Bitcoin,el otro 5% cambia a efectivo,no gastes mÃ¡s de 20$ D https://t.co/eTXpzhqFrJ",1420585325815029762,2022-03-19 04:37:31+00:00,
31,1505040745635643398,"RT @airdropinspect: New airdrop: Tuna Finance (TCT)
Total Reward: $3,000 worth of TCT
Rate: â­ï¸â­ï¸â­ï¸â­ï¸
Winners: 1000 Random &amp; Top 100
Distribâ€¦",1500466877784805377,2022-03-19 04:37:30+00:00,
32,1505040744007954432,@flagnetwork_NFT #FlagNetwork  #cryptocurrency #Bitcoin  #StandWithUkraine,1415698977442340864,2022-03-19 04:37:30+00:00,
33,1505040741453676552,In 2022 $XRP will overtake bitcoin #xrp #ripple https://t.co/0g23AMjfSi,1218116927731703808,2022-03-19 04:37:29+00:00,
34,1505040741193564167,"RT @AirdropStario: ğŸ’§ Hero Arena Airdrop ğŸ’§

ğŸ“ Listed on: CoinMarketCap, PancakeSwap

ğŸ† Task: â•  100 HERA (~$4) for 3000 random participantsâ€¦",1407281821184716801,2022-03-19 04:37:29+00:00,
35,1505040739943653377,"RT @stablekwon: $UST with $10B+ in $BTC reserves will open a new monetary era of the Bitcoin standard. 

P2P electronic cash that is easierâ€¦",1316616778357719040,2022-03-19 04:37:29+00:00,
36,1505040739092344833,"RT @LaLaLand737: Ø±Ø§Ù†Ø¯Ø§ Ø¨ØªØ­Ø¨ Ø§Ø®ÙˆÙ‡Ø§ ÙŠØ§Ø®Ø¯ Ù…Ø¹Ø§Ù‡Ø§ Ø´Ø§ÙˆØ±

Ù…ØªØ¹ Ù†ÙØ³Ùƒ ÙˆØ´Ø§Ù‡Ø¯ Ø§Ù„ÙÙŠÙ„Ù… ÙƒØ§Ù…Ù„ 8ï¸âƒ£ Ø¯Ù‚Ø§Ø¦Ù‚ ğŸ‘‡

https://t.co/zt0PQNsmzU

ğŸ‘†ğŸ‘†Full Video ğŸ‘†ğŸ‘† https:/â€¦",848252416097226757,2022-03-19 04:37:29+00:00,
37,1505040735275720705,"RT @AirdropStario: ğŸ’§ Pikachu Airdrop ğŸ’§

ğŸ† Task:          â• 10,000 Pikachu (~$80)

ğŸ‘¨â€ğŸ‘©â€ğŸ‘§ Referral:   â•  3000 Pikachu (~$24)

ğŸ”› Airdrop Linkâ€¦",1488165495614619652,2022-03-19 04:37:28+00:00,
38,1505040734239473664,"@WSJ We don't buy bitcoin
We earn bitcoin From Mining 
I'm ready to show 10 lucky people how to earn 0.1BTC ($4183) and more daily!
No referral 
No withdrawal fees
If interested, kindly send a DM",521268917,2022-03-19 04:37:28+00:00,
39,1505040729613410305,"RT @AirdropDet: ğŸ” New #Airdrop: Elite Cash

ğŸ† Total Airdrop Pool: 140,000 ELC [~$49,000]

ğŸ”´ Start the airdrop bot https://t.co/geX2YRhj5nâ€¦",1494254459307786244,2022-03-19 04:37:26+00:00,
40,1505040725854998537,"RT @airdropinspect: New airdrop: Angelic (ANGL)
Total Reward: 50,000 ANGL
Rate: â­ï¸â­ï¸â­ï¸â­ï¸
Winners: 1,500 Random &amp; Top 50
Distribution: withiâ€¦",835677737356517378,2022-03-19 04:37:26+00:00,
41,1505040725146468358,"RT @LizaFlux: Glad to see that both of you @dak_flux  @dabit3  will be on https://t.co/U1tzSq7iIZ , it would be great if you held a joint lâ€¦",1497563444778012679,2022-03-19 04:37:25+00:00,
42,1505040724970160134,"LONG : 1-Hour Chart (1x!)
Price   : 0.759
Coin    : #CHESSUSDT

R1        : 0.783 (% 3.1)
R2       : 0.799 (% 5.0)
R3       : 0.823 (% 7.8)
S1        : 0.73 (% -3.8)

Time   : 19/03/2022 05:37
Chart  : https://t.co/HFEGUHQhBO

#CHESS #BTC #Bitcoin #ETH",1432406723894067206,2022-03-19 04:37:25+00:00,
43,1505040724777062402,"RT @Marii6771: Did you get scammed?The good guys are here and weâ€™ve got your back!
20% #scamsurvivor Charity! 20% charity in #SPY
Join us iâ€¦",1464697090953682952,2022-03-19 04:37:25+00:00,
44,1505040724517343234,"RT @AirdropStario: ğŸ’§ MetaRoboX Airdrop ğŸ’§

ğŸ“ Listed on: CoinMarketCap, PancakeSwap

ğŸ† Task:       â• 50,000 RBX (~$500)

ğŸ‘¨â€ğŸ‘©â€ğŸ‘§ Referral: â• 10â€¦",1488165495614619652,2022-03-19 04:37:25+00:00,
45,1505040724059906048,"RT @HerbertRSim: #CounterEconomics &amp; The State ğŸ¦ 
Power Transfers &amp; Why #Bitcoin Is Here To Stay

#PowerToThePeople âœŠğŸ¼ğŸ’ªğŸ¼

https://t.co/auN5â€¦",469354534,2022-03-19 04:37:25+00:00,
46,1505040722910662660,"@gummymonkeysnft @ShibSatoshiWeb3 #forex #bitcoin #money #blockchain #forextrader #bitcoins  #moneytips #Airdropstario
#dogecoin #invest #bitcoinprice #investing #investor #bitcoindaily #coinbase #bitcoinnews #etherum #tether  #btc
#shibainu #ada #Litecoin #bnb #litecoin #token #SPN #NFTs #BNB https://t.co/IqY7Ncysvi",1448673692859445256,2022-03-19 04:37:25+00:00,
47,1505040721346191360,#MonopolyMillionaireGame #MMG #token #NFT #art #binance #bitcoin https://t.co/9FBYzaph5x,1279707556445855744,2022-03-19 04:37:24+00:00,
48,1505040720457080837,"@LayahHeilpern @cvpayne You're killing it lately Layah, and agree, even though we all knew the Bitcoin fundamental value, it is only now we are starting to see it.",344197050,2022-03-19 04:37:24+00:00,
49,1505040719190573060,"RT @airdropinspect: New airdrop: Avania (NOVA)
Total Reward: 75,000 NOVA
Rate:â­ï¸â­ï¸â­ï¸â­ï¸
Winners: 200 Random &amp; Top 10
Distribution: 19th Apriâ€¦",1329235218251747334,2022-03-19 04:37:24+00:00,
50,1505040717080580098,"RT @btc: Ethiopia gets orange pilled by @projectmano and @Excellion.

A full integration of #Bitcoin in Ethiopia could generate orange momeâ€¦",964652876021854208,2022-03-19 04:37:23+00:00,
51,1505040715688022018,"RT @chirorudotaka: è¶…æ¿€ã‚¢ãƒ„æ¡ˆä»¶ã‚­ã‚¿ãƒ¼ğŸ˜†
ã¿ã‚“ãªã
#ã‚³ã‚¤ãƒ³ãƒã‚§ãƒƒã‚¯  ã£ã¦çŸ¥ã£ã¦ã‚‹ï¼Ÿ
æ¾ç”°ç¿”å¤ªã•ã‚“ãŒCMã«å‡ºæ¼”ã—ã¦ã„ã‚‹ä»®æƒ³é€šè²¨å–å¼•æ‰€ã§ã™ğŸ˜Š
æ™®æ®µã¯1000å††ã®ã¨ã“ã‚
æœŸé–“é™å®šã§2500å††è²°ãˆã¾ã™ğŸ˜†
å¤§ãƒãƒ£ãƒ³ã‚¹æ´»ã‹ã—ã¦ã­ğŸ˜Š
ç™»éŒ²ã¯ã“ã¡ã‚‰ğŸ‘‡ï¸ğŸ˜Š
https://â€¦",4920117139,2022-03-19 04:37:23+00:00,
52,1505040715448918017,"RT @AirdropDet: ğŸ” New #Airdrop: CVIP

ğŸ’² Reward: Up to 20 CVIP (~$2.5) + 40K CVIP (~$5K) referral pool

ğŸ”´ Start the airdrop bot https://t.coâ€¦",1436966951423594496,2022-03-19 04:37:23+00:00,
53,1505040713909940232,"RT @AirdropStario: ğŸ’§ Bee-Trade Finance Airdrop ğŸ’§

ğŸ“ Audited by: CertiK

ğŸ† Task:          â•  Up to 36 BTF (~$51,48)

ğŸ‘¨â€ğŸ‘©â€ğŸ‘§ Referral:   â•  5â€¦",1442152723621679120,2022-03-19 04:37:23+00:00,
54,1505040712928215042,"RT @udiWertheimer: do kwon: announces plans to acquire $3 billion dollars worth of #bitcoin in the immediate term

bitcoin magazine: ğŸ¦—ğŸ¦—ğŸ¦—",1406986180604968965,2022-03-19 04:37:22+00:00,
55,1505040712575815683,"RT @AirdropStario: ğŸ’§ RPGC Airdrop ğŸ’§

ğŸ† Task:         â•  $8 worth of RPGC for 2000 random participants each.

ğŸ‘¨â€ğŸ‘©â€ğŸ‘§ Referral:  â•  $40 worthâ€¦",1415919973914931203,2022-03-19 04:37:22+00:00,
56,1505040710013267973,RT @ApocalyptoTrdr: $KDA ... $28 dan sonra majÃ¶r dÃ¼zeltmesini tamamlamÄ±ÅŸ gÃ¶rÃ¼nÃ¼yor. Ancak hedef dÃ¼ÅŸen trendin kÄ±rÄ±lmasÄ± olacaktÄ±r. $6.4 Ã¼zeâ€¦,1394863492813963270,2022-03-19 04:37:22+00:00,
57,1505040707223912449,"RT @AirdropDet: ğŸ” New #Airdrop: Elite Cash

ğŸ† Total Airdrop Pool: 140,000 ELC [~$49,000]

ğŸ”´ Start the airdrop bot https://t.co/geX2YRhj5nâ€¦",1433343000906661891,2022-03-19 04:37:21+00:00,
58,1505040705244311561,"@SpaceX We don't buy bitcoin
We earn bitcoin From Mining 
I'm ready to show 10 lucky people how to earn 0.1BTC ($4183) and more daily!
No referral 
No withdrawal fees
If interested, kindly send a DM",521268917,2022-03-19 04:37:21+00:00,
59,1505040705059639300,"RT @AirdropDet: ğŸ” New #Airdrop: Elite Cash

ğŸ† Total Airdrop Pool: 140,000 ELC [~$49,000]

ğŸ”´ Start the airdrop bot https://t.co/geX2YRhj5nâ€¦",1416080447776325634,2022-03-19 04:37:21+00:00,
60,1505040702345920512,"@Bitcoin I hold BTC and ETH, and BTC will rise by 80,000 in the short term! I also hold $K0
$K0
#K0
#kill0
@kill34zero",1463565994090131457,2022-03-19 04:37:20+00:00,
61,1505040701494497280,"RT @Marii6771: Make money!Prosecute scammers!All at the same time
Make passive income in BNB rewards for holding $SPY
Your rewards accumulaâ€¦",1464697090953682952,2022-03-19 04:37:20+00:00,
62,1505040698730594308,No it's not. Bitcoin is peace â˜®ï¸ https://t.co/ge7G10WkWJ,156579343,2022-03-19 04:37:19+00:00,
63,1505040694901035008,"I derive pretty big part of my profit using crypto, and for me choosing the right project is very critical. #DeFi #TeleFy #DEX #cryptocurrency #Ethereum #BinanceSmartChain #Bitcoin #Airdrop #polkadot #MATIC #Polygon $TELE #Cardano #ETH",1375118053311094787,2022-03-19 04:37:18+00:00,
64,1505040693676314624,"RT @chitaglorya__: giveaway 200$ | 2,800,000 IDR

-- rt &amp; follow @flagnetwork_NFT 

-- rt &amp; quoted their pinned with   #FlagNetwork  #cryptâ€¦",1404006603313979402,2022-03-19 04:37:18+00:00,
65,1505040692724510720,"RT @airdropinspect: New airdrop: Skygard Game
Total Reward: 1100 NFTs
Rate: â­ï¸â­ï¸â­ï¸â­ï¸
Winners: 1,000 Random &amp; 100 Top
Distribution: within 1â€¦",1430409457834496001,2022-03-19 04:37:18+00:00,
66,1505040691411714050,#FlagNetwork #IDO #cryptocurrency #Bitcoin #NFTs nice https://t.co/4uO2v67yYQ,802003008343011328,2022-03-19 04:37:17+00:00,
67,1505040690195050498,"RT @Marii6771: Make money! Prosecute scammers! All at the same time 
Make passive income in BNB rewards for holding $SPY!
Your rewards accuâ€¦",1464697090953682952,2022-03-19 04:37:17+00:00,
68,1505040690052571136,RT @omerdemircrypto: Bitcoin 45 K seviyesinde yataya baÄŸlarsa altcoinler; https://t.co/9gi8cYa5gA,1371912539949428742,2022-03-19 04:37:17+00:00,
69,1505040689716940801,"RT @DocumentingBTC: Think you're ""too late"" to buy #bitcoin now? So did they. https://t.co/7Zf1AU0ngn",2691493267,2022-03-19 04:37:17+00:00,
70,1505040688110796801,"RT @MiningMiranda: Good News! NOW, you can LEARN CRYPTO TRADING at YOUR OWN PACE and at YOUR OWN TIME!

Visit: https://t.co/Sdj2E2UHRy to Eâ€¦",1419941795387953163,2022-03-19 04:37:17+00:00,
71,1505040687829426185,"RT @RealLitVirus: #NFT #NFTs #nftart  #NFTartist  #NFTCollection #ETH #Bitcoin 

So when you become mega rich! 

DONT you forget about me!!â€¦",1352447900178112513,2022-03-19 04:37:16+00:00,
72,1505040686814539778,"RT @CryptoPatel: #CryptoTrading Discipline: The art of continuing to execute your plan even after a loss.

#cryptocurrency #cryptocurrencieâ€¦",1355010478364352519,2022-03-19 04:37:16+00:00,
73,1505040686013300737,"RT @Taylorcrypto_: CCTV said K0!
This is not a joke, we have top marketing plan, now join K0, let's go to the moon!
BSCï¼š0xb0dbf009458759b7dâ€¦",1501744429077450756,2022-03-19 04:37:16+00:00,
74,1505040684708859905,"RT @Marii6771: We are @SpyWolfNetwork and we are here to clean up the crypto space and to make you
 
https://t.co/1Mo7qdcgFO is our anti-scâ€¦",1464697090953682952,2022-03-19 04:37:16+00:00,
75,1505040684700602369,"@Lilimpcutie @AlphaSkullz
 
Public Mint is Live!
https://t.co/mNDXsdeSnn
0.08 $ETH

Check them out:
https://t.co/C6cwOUyJbq

Join the AlphaSkullz Alliance:
https://t.co/p5OeSMZp0A

#NFT #NFTCommunity #P2E #gaming #crypto #cryptocurrency #ETH #Ethereum #BTC #Bitcoin #BNB $oulz #Metaverse #HODL",570246783,2022-03-19 04:37:16+00:00,
76,1505040683219894273,"RT @AirdropStario: ğŸ’§ RPGC Airdrop ğŸ’§

ğŸ† Task:         â•  $8 worth of RPGC for 2000 random participants each.

ğŸ‘¨â€ğŸ‘©â€ğŸ‘§ Referral:  â•  $40 worthâ€¦",2753512616,2022-03-19 04:37:15+00:00,
77,1505040683006107650,"RT @SDesign28147362: Join Webdollar Community and the $WEBD is ours!
https://t.co/lYDl2Cmi4X
Gather 30000 users (no bots allowed) for the aâ€¦",1474360069575823360,2022-03-19 04:37:15+00:00,
78,1505040682192289802,"RT @1MillionTokens: ok, The 1st 250 RT will get a share of 500 $doge 

How?

1- RT
2- Join our discord for more airdrops and rains: https:/â€¦",1505032562946691072,2022-03-19 04:37:15+00:00,
79,1505040681244499968,"@business We don't buy bitcoin
We earn bitcoin From Mining 
I'm ready to show 10 lucky people how to earn 0.1BTC ($4183) and more daily!
No referral 
No withdrawal fees
If interested, kindly send a DM",521268917,2022-03-19 04:37:15+00:00,
80,1505040679726198784,"@newsinvesting #forex #bitcoin #money #blockchain #forextrader #bitcoins  #moneytips #Airdropstario
#dogecoin #invest #bitcoinprice #investing #investor #bitcoindaily #coinbase #bitcoinnews #etherum #tether  #btc
#shibainu #ada #Litecoin #bnb #litecoin #token #SPN #NFTs #BNB https://t.co/mJbyaEOI2x",1448673692859445256,2022-03-19 04:37:15+00:00,
81,1505040677226577922,"RT @chitaglorya__: giveaway 200$ | 2,800,000 IDR

-- rt &amp; follow @flagnetwork_NFT 

-- rt &amp; quoted their pinned with   #FlagNetwork  #cryptâ€¦",1499973403562098689,2022-03-19 04:37:14+00:00,
82,1505040673627586562,"@CubsShadow @Shiryo_Official BREAKING! ğŸš¨ğŸš¨ There is one stock that will change your life forever! 
AND NASDAQ Uplisting is soon! BNXA is the gate of #crypto and #bitcoin #btc #eth #ethereum #doge https://t.co/IqVlClmuaJ",1457079152155181063,2022-03-19 04:37:13+00:00,
83,1505040673300676608,"RT @BtcCheap: #76

Sahwal(Life and Death)

@SuperRare @SuperRareBot @kokoonjr

#superrare #bitcoin  #ethereum #nft #nftcommunity #andykhunâ€¦",1440082087835357184,2022-03-19 04:37:13+00:00,
84,1505040672310820867,While I am not aware of a definitive position by an Australian regulator as early as 2015 the Australian Senate Economic References Committee reported that XRP (calling it Ripple) is decentralised like Bitcoin. Why is this such a difficult issue for the SEC alone in the world. https://t.co/DqhbERCoL2,1099693976,2022-03-19 04:37:13+00:00,
85,1505040672243527680,"RT @binance: ğŸ’° $10,000 giveaway ğŸ’°
 
Post your #BitcoinButton result to enter!
 
Rules:
ğŸ”¸ Retweet this post
ğŸ”¸ Follow @Binance
ğŸ”¸ Play #Bitcoiâ€¦",1504126545287389195,2022-03-19 04:37:13+00:00,
86,1505040671371296778,"RT @AirdropStario: ğŸ’§ Hero Arena Airdrop ğŸ’§

ğŸ“ Listed on: CoinMarketCap, PancakeSwap

ğŸ† Task: â•  100 HERA (~$4) for 3000 random participantsâ€¦",1477354267606675456,2022-03-19 04:37:13+00:00,
87,1505040671245500418,"@Bitcoin_daheng @thesushicatsnft @DfGuinnevere @gjk_twt @gghadid 
cool",1463179896687972357,2022-03-19 04:37:12+00:00,
88,1505040669714546689,"RT @AirdropStario: ğŸ’§ FlokiDAO Airdrop ğŸ’§

ğŸ“ Listed on: PancakeSwap

ğŸ‘¨â€ğŸ‘©â€ğŸ‘§ Referral: â• 150 FlokiDAO

ğŸ”› Airdrop Link &amp; Information: https://t.â€¦",1488165495614619652,2022-03-19 04:37:12+00:00,
89,1505040667420282882,#FlagNetwork  #cryptocurrency #Bitcoin  #StandWithUkraine https://t.co/sNUKKGGIjB,1485159109360222208,2022-03-19 04:37:12+00:00,
90,1505040667197657090,"RT @chitaglorya__: giveaway 200$ | 2,800,000 IDR

-- rt &amp; follow @flagnetwork_NFT 

-- rt &amp; quoted their pinned with   #FlagNetwork  #cryptâ€¦",1399175224063455234,2022-03-19 04:37:12+00:00,
91,1505040666912780290,"RT @AirdropDet: ğŸ” New #Airdrop: Elite Cash

ğŸ† Total Airdrop Pool: 140,000 ELC [~$49,000]

ğŸ”´ Start the airdrop bot https://t.co/geX2YRhj5nâ€¦",1491823837025304582,2022-03-19 04:37:11+00:00,
92,1505040666644017156,"NCP:  BitMEX exchange founder Arthur Hayes predicts #BitcoinÂ  will reach $1,000,000 one day.",1452946774545469441,2022-03-19 04:37:11+00:00,
93,1505040659496910853,RT @Meta_UFO: #bitcoin and #MetaUFO have no inflation.,1497452557135798275,2022-03-19 04:37:10+00:00,
94,1505040649053159425,"@cryptocom #forex #bitcoin #money #blockchain #forextrader #bitcoins  #moneytips #Airdropstario
#dogecoin #invest #bitcoinprice #investing #investor #bitcoindaily #coinbase #bitcoinnews #etherum #tether  #btc
#shibainu #ada #Litecoin #bnb #litecoin #token #SPN #NFTs #BNB https://t.co/sWEurxWXSu",1448673692859445256,2022-03-19 04:37:07+00:00,
95,1505040648298278914,"RT @barmy_official: Top 10 trending coin on #CoinMarketCap

1. @LiberoFinancial
2. @metapayglobal
3. @Shibtoken
4. @Bitcoin
5. @FantomFDN
6â€¦",1431375781683421190,2022-03-19 04:37:07+00:00,
96,1505040645127348229,RT @saylor: Laser eyes signal intent to make #bitcoin an instrument of economic empowerment. ğŸŒ,1498752050397691916,2022-03-19 04:37:06+00:00,
97,1505040644796215296,"New dungeon Fantastic...
@OuterRingMMO

#NFT #NFTs #metaverse #bitcoin #airdrop #crypto #GameFi #btc #bnb #binance #cryptocurrency #eth
#outerringMMO #Dreamboatcapital @dreamboat_id #PlayToEarn #x1000gems 
#Blockchain #gamingcrypto #web3 #altcoin #Altcoins #Airdrop #cryptogames https://t.co/hKz99BUrSF",85630344,2022-03-19 04:37:06+00:00,
98,1505040644779163651,"Crypto market Overview

Dominance :41.92%
CHOP Seasonâœ”

#Bitcoin :$41,818.00 (3.05%)
 Strong ğŸ“ˆ

Total Market :$1.97T (3.88%)
Strong ğŸ“ˆ

Most Alts are Ranging 
DCA investors sleep well",1208621831328018432,2022-03-19 04:37:06+00:00,
99,1505040644426780674,"RT @chirorudotaka: è¶…æ¿€ã‚¢ãƒ„æ¡ˆä»¶ã‚­ã‚¿ãƒ¼ğŸ˜†
ã¿ã‚“ãªã
#ã‚³ã‚¤ãƒ³ãƒã‚§ãƒƒã‚¯  ã£ã¦çŸ¥ã£ã¦ã‚‹ï¼Ÿ
æ¾ç”°ç¿”å¤ªã•ã‚“ãŒCMã«å‡ºæ¼”ã—ã¦ã„ã‚‹ä»®æƒ³é€šè²¨å–å¼•æ‰€ã§ã™ğŸ˜Š
æ™®æ®µã¯1000å††ã®ã¨ã“ã‚
æœŸé–“é™å®šã§2500å††è²°ãˆã¾ã™ğŸ˜†
å¤§ãƒãƒ£ãƒ³ã‚¹æ´»ã‹ã—ã¦ã­ğŸ˜Š
ç™»éŒ²ã¯ã“ã¡ã‚‰ğŸ‘‡ï¸ğŸ˜Š
https://â€¦",299651390,2022-03-19 04:37:06+00:00,
